Rank,variable,Overall
1,X9,3.49093042
2,X8,3.38134918
3,date_iss,0.6651967
4,X7,0.50759811
5,X30,0.35518313
6,X14,0.11670126
7,X24,0.06027038
8,month_iss,0.02013153
9,X6,0.01212708
10,X28,0.0112185
11,month_earl_cr,0
11,X11,0
11,X12,0
11,X13,0
11,X17,0
11,X20,0
11,X21,0
11,X22,0
11,X27,0
11,X29,0
11,X31,0
11,X32,0
11,year_earl_cr,0
