Rank,variable,Overall
1,X9,3.5971649
2,X8,3.48813811
3,date_iss,0.67909527
4,X7,0.47432808
5,X30,0.37046796
6,X14,0.09383444
7,X24,0.07682936
8,month_iss,0.02095784
9,X6,0.01865341
10,X28,0.01781887
11,X11,0
11,X12,0
11,X13,0
11,X17,0
11,X20,0
11,X21,0
11,X22,0
11,X27,0
11,X29,0
11,X31,0
11,X32,0
11,month_earl_cr,0
11,year_earl_cr,0
